TRUNCATE TABLE users;
TRUNCATE TABLE ip_adresses;
TRUNCATE TABLE products_in_shops;
TRUNCATE TABLE photos;

-- Fill table users.
INSERT INTO `users` (`id`, `city_id`, `name`, `shop_id`, `e_mail`) VALUES (1, 1, 'adipisci', 6, 'beatty.marianne@example.com');
INSERT INTO `users` (`id`, `city_id`, `name`, `shop_id`, `e_mail`) VALUES (2, 7, 'id', 2, 'berry45@example.net');
INSERT INTO `users` (`id`, `city_id`, `name`, `shop_id`, `e_mail`) VALUES (3, 3, 'necessitatibus', 3, 'gretchen10@example.org');
INSERT INTO `users` (`id`, `city_id`, `name`, `shop_id`, `e_mail`) VALUES (4, 4, 'ducimus', 4, 'gladyce.cummerata@example.net');
INSERT INTO `users` (`id`, `city_id`, `name`, `shop_id`, `e_mail`) VALUES (5, 5, 'facere', 5, 'nharvey@example.com');
INSERT INTO `users` (`id`, `city_id`, `name`, `shop_id`, `e_mail`) VALUES (6, 6, 'voluptatem', 6, 'thad.mitchell@example.org');
INSERT INTO `users` (`id`, `city_id`, `name`, `shop_id`, `e_mail`) VALUES (7, 7, 'natus', 7, 'maurice80@example.org');
INSERT INTO `users` (`id`, `city_id`, `name`, `shop_id`, `e_mail`) VALUES (8, 8, 'et', 8, 'bernhard.leonor@example.org');
INSERT INTO `users` (`id`, `city_id`, `name`, `shop_id`, `e_mail`) VALUES (9, 9, 'et', 9, 'uparisian@example.org');
INSERT INTO `users` (`id`, `city_id`, `name`, `shop_id`, `e_mail`) VALUES (10, 10, 'dignissimos', 10, 'witting.kenny@example.com');
INSERT INTO `users` (`id`, `city_id`, `name`, `shop_id`, `e_mail`) VALUES (11, 11, 'enim', 11, 'coralie50@example.org');
INSERT INTO `users` (`id`, `city_id`, `name`, `shop_id`, `e_mail`) VALUES (12, 12, 'eos', 12, 'neil.stracke@example.com');
INSERT INTO `users` (`id`, `city_id`, `name`, `shop_id`, `e_mail`) VALUES (13, 1, 'nesciunt', 13, 'mittie.nienow@example.net');
INSERT INTO `users` (`id`, `city_id`, `name`, `shop_id`, `e_mail`) VALUES (14, 2, 'in', 14, 'stark.iva@example.net');
INSERT INTO `users` (`id`, `city_id`, `name`, `shop_id`, `e_mail`) VALUES (15, 3, 'incidunt', 15, 'reynold94@example.com');
INSERT INTO `users` (`id`, `city_id`, `name`, `shop_id`, `e_mail`) VALUES (16, 4, 'quos', 16, 'stehr.kaylin@example.org');
INSERT INTO `users` (`id`, `city_id`, `name`, `shop_id`, `e_mail`) VALUES (17, 5, 'nostrum', 17, 'olen89@example.net');
INSERT INTO `users` (`id`, `city_id`, `name`, `shop_id`, `e_mail`) VALUES (18, 6, 'necessitatibus', 18, 'bret.greenholt@example.com');
INSERT INTO `users` (`id`, `city_id`, `name`, `shop_id`, `e_mail`) VALUES (19, 7, 'dolorum', 19, 'marlen94@example.net');
INSERT INTO `users` (`id`, `city_id`, `name`, `shop_id`, `e_mail`) VALUES (20, 8, 'sed', 20, 'enrico.waelchi@example.org');
INSERT INTO `users` (`id`, `city_id`, `name`, `shop_id`, `e_mail`) VALUES (21, 9, 'et', 1, 'dubuque.allene@example.com');
INSERT INTO `users` (`id`, `city_id`, `name`, `shop_id`, `e_mail`) VALUES (22, 10, 'numquam', 2, 'danika66@example.net');
INSERT INTO `users` (`id`, `city_id`, `name`, `shop_id`, `e_mail`) VALUES (23, 11, 'vitae', 3, 'iboehm@example.net');
INSERT INTO `users` (`id`, `city_id`, `name`, `shop_id`, `e_mail`) VALUES (24, 12, 'aut', 4, 'king.rosalyn@example.net');
INSERT INTO `users` (`id`, `city_id`, `name`, `shop_id`, `e_mail`) VALUES (25, 1, 'voluptates', 5, 'milton.nikolaus@example.com');
INSERT INTO `users` (`id`, `city_id`, `name`, `shop_id`, `e_mail`) VALUES (26, 2, 'et', 6, 'nyah.lindgren@example.net');
INSERT INTO `users` (`id`, `city_id`, `name`, `shop_id`, `e_mail`) VALUES (27, 3, 'sit', 7, 'johanna.hudson@example.com');
INSERT INTO `users` (`id`, `city_id`, `name`, `shop_id`, `e_mail`) VALUES (28, 4, 'quam', 8, 'dlind@example.org');
INSERT INTO `users` (`id`, `city_id`, `name`, `shop_id`, `e_mail`) VALUES (29, 5, 'veritatis', 9, 'rosamond84@example.org');
INSERT INTO `users` (`id`, `city_id`, `name`, `shop_id`, `e_mail`) VALUES (30, 6, 'qui', 10, 'ronny.considine@example.org');
INSERT INTO `users` (`id`, `city_id`, `name`, `shop_id`, `e_mail`) VALUES (31, 7, 'occaecati', 11, 'smonahan@example.com');
INSERT INTO `users` (`id`, `city_id`, `name`, `shop_id`, `e_mail`) VALUES (32, 8, 'id', 12, 'peggie.dooley@example.com');
INSERT INTO `users` (`id`, `city_id`, `name`, `shop_id`, `e_mail`) VALUES (33, 9, 'et', 13, 'ernser.amparo@example.com');
INSERT INTO `users` (`id`, `city_id`, `name`, `shop_id`, `e_mail`) VALUES (34, 10, 'qui', 14, 'parker.hermann@example.com');
INSERT INTO `users` (`id`, `city_id`, `name`, `shop_id`, `e_mail`) VALUES (35, 11, 'iste', 15, 'feil.jeremy@example.org');
INSERT INTO `users` (`id`, `city_id`, `name`, `shop_id`, `e_mail`) VALUES (36, 12, 'voluptatem', 16, 'casper.jerad@example.org');
INSERT INTO `users` (`id`, `city_id`, `name`, `shop_id`, `e_mail`) VALUES (37, 1, 'a', 17, 'blanca.hodkiewicz@example.org');
INSERT INTO `users` (`id`, `city_id`, `name`, `shop_id`, `e_mail`) VALUES (38, 2, 'sunt', 18, 'arnold35@example.org');
INSERT INTO `users` (`id`, `city_id`, `name`, `shop_id`, `e_mail`) VALUES (39, 3, 'aut', 19, 'uwalsh@example.net');
INSERT INTO `users` (`id`, `city_id`, `name`, `shop_id`, `e_mail`) VALUES (40, 4, 'distinctio', 20, 'hester.hodkiewicz@example.com');
INSERT INTO `users` (`id`, `city_id`, `name`, `shop_id`, `e_mail`) VALUES (41, 5, 'deleniti', 1, 'darius.lehner@example.org');
INSERT INTO `users` (`id`, `city_id`, `name`, `shop_id`, `e_mail`) VALUES (42, 6, 'laudantium', 2, 'robyn25@example.com');
INSERT INTO `users` (`id`, `city_id`, `name`, `shop_id`, `e_mail`) VALUES (43, 7, 'cum', 3, 'pparisian@example.com');
INSERT INTO `users` (`id`, `city_id`, `name`, `shop_id`, `e_mail`) VALUES (44, 8, 'veniam', 4, 'whilpert@example.org');
INSERT INTO `users` (`id`, `city_id`, `name`, `shop_id`, `e_mail`) VALUES (45, 9, 'nam', 5, 'timothy48@example.org');
INSERT INTO `users` (`id`, `city_id`, `name`, `shop_id`, `e_mail`) VALUES (46, 10, 'est', 6, 'brown.marcel@example.com');
INSERT INTO `users` (`id`, `city_id`, `name`, `shop_id`, `e_mail`) VALUES (47, 11, 'cumque', 7, 'susana.ledner@example.net');
INSERT INTO `users` (`id`, `city_id`, `name`, `shop_id`, `e_mail`) VALUES (48, 12, 'ad', 8, 'abreitenberg@example.net');
INSERT INTO `users` (`id`, `city_id`, `name`, `shop_id`, `e_mail`) VALUES (49, 1, 'nostrum', 9, 'alexanne68@example.org');
INSERT INTO `users` (`id`, `city_id`, `name`, `shop_id`, `e_mail`) VALUES (50, 2, 'quasi', 10, 'gerard85@example.com');
INSERT INTO `users` (`id`, `city_id`, `name`, `shop_id`, `e_mail`) VALUES (51, 3, 'ut', 11, 'kayden71@example.com');
INSERT INTO `users` (`id`, `city_id`, `name`, `shop_id`, `e_mail`) VALUES (52, 4, 'ducimus', 12, 'kcarroll@example.com');
INSERT INTO `users` (`id`, `city_id`, `name`, `shop_id`, `e_mail`) VALUES (53, 5, 'minus', 13, 'ckoepp@example.org');
INSERT INTO `users` (`id`, `city_id`, `name`, `shop_id`, `e_mail`) VALUES (54, 6, 'vero', 14, 'crawford.kovacek@example.org');
INSERT INTO `users` (`id`, `city_id`, `name`, `shop_id`, `e_mail`) VALUES (55, 7, 'error', 15, 'reinger.daren@example.com');
INSERT INTO `users` (`id`, `city_id`, `name`, `shop_id`, `e_mail`) VALUES (56, 8, 'accusamus', 16, 'ericka.lebsack@example.com');
INSERT INTO `users` (`id`, `city_id`, `name`, `shop_id`, `e_mail`) VALUES (57, 9, 'sunt', 17, 'xluettgen@example.org');
INSERT INTO `users` (`id`, `city_id`, `name`, `shop_id`, `e_mail`) VALUES (58, 10, 'et', 18, 'rking@example.com');
INSERT INTO `users` (`id`, `city_id`, `name`, `shop_id`, `e_mail`) VALUES (59, 11, 'eaque', 19, 'ikris@example.net');
INSERT INTO `users` (`id`, `city_id`, `name`, `shop_id`, `e_mail`) VALUES (60, 12, 'possimus', 20, 'rshanahan@example.net');
INSERT INTO `users` (`id`, `city_id`, `name`, `shop_id`, `e_mail`) VALUES (61, 1, 'cum', 1, 'nturner@example.com');
INSERT INTO `users` (`id`, `city_id`, `name`, `shop_id`, `e_mail`) VALUES (62, 2, 'in', 2, 'boyer.lurline@example.net');
INSERT INTO `users` (`id`, `city_id`, `name`, `shop_id`, `e_mail`) VALUES (63, 3, 'pariatur', 3, 'christine.purdy@example.com');
INSERT INTO `users` (`id`, `city_id`, `name`, `shop_id`, `e_mail`) VALUES (64, 4, 'aut', 4, 'ahamill@example.com');
INSERT INTO `users` (`id`, `city_id`, `name`, `shop_id`, `e_mail`) VALUES (65, 5, 'harum', 5, 'kzulauf@example.net');
INSERT INTO `users` (`id`, `city_id`, `name`, `shop_id`, `e_mail`) VALUES (66, 6, 'porro', 6, 'laron95@example.net');
INSERT INTO `users` (`id`, `city_id`, `name`, `shop_id`, `e_mail`) VALUES (67, 7, 'officiis', 7, 'xrath@example.org');
INSERT INTO `users` (`id`, `city_id`, `name`, `shop_id`, `e_mail`) VALUES (68, 8, 'quidem', 8, 'feil.adolfo@example.org');
INSERT INTO `users` (`id`, `city_id`, `name`, `shop_id`, `e_mail`) VALUES (69, 9, 'qui', 9, 'ureinger@example.com');
INSERT INTO `users` (`id`, `city_id`, `name`, `shop_id`, `e_mail`) VALUES (70, 10, 'minus', 10, 'hermann.langosh@example.com');
INSERT INTO `users` (`id`, `city_id`, `name`, `shop_id`, `e_mail`) VALUES (71, 11, 'voluptates', 11, 'kluettgen@example.net');
INSERT INTO `users` (`id`, `city_id`, `name`, `shop_id`, `e_mail`) VALUES (72, 12, 'at', 12, 'sarina.yost@example.com');
INSERT INTO `users` (`id`, `city_id`, `name`, `shop_id`, `e_mail`) VALUES (73, 1, 'in', 13, 'willms.lavern@example.net');
INSERT INTO `users` (`id`, `city_id`, `name`, `shop_id`, `e_mail`) VALUES (74, 2, 'qui', 14, 'bruen.macy@example.org');
INSERT INTO `users` (`id`, `city_id`, `name`, `shop_id`, `e_mail`) VALUES (75, 3, 'eos', 15, 'daphnee76@example.org');
INSERT INTO `users` (`id`, `city_id`, `name`, `shop_id`, `e_mail`) VALUES (76, 4, 'temporibus', 16, 'will.kylie@example.org');
INSERT INTO `users` (`id`, `city_id`, `name`, `shop_id`, `e_mail`) VALUES (77, 5, 'provident', 17, 'emilio52@example.net');
INSERT INTO `users` (`id`, `city_id`, `name`, `shop_id`, `e_mail`) VALUES (78, 6, 'fugiat', 18, 'xbuckridge@example.org');
INSERT INTO `users` (`id`, `city_id`, `name`, `shop_id`, `e_mail`) VALUES (79, 7, 'deserunt', 19, 'zroob@example.org');
INSERT INTO `users` (`id`, `city_id`, `name`, `shop_id`, `e_mail`) VALUES (80, 8, 'quibusdam', 20, 'gerardo35@example.org');
INSERT INTO `users` (`id`, `city_id`, `name`, `shop_id`, `e_mail`) VALUES (81, 9, 'ad', 1, 'meghan.stracke@example.org');
INSERT INTO `users` (`id`, `city_id`, `name`, `shop_id`, `e_mail`) VALUES (82, 10, 'voluptatem', 2, 'toy.akeem@example.net');
INSERT INTO `users` (`id`, `city_id`, `name`, `shop_id`, `e_mail`) VALUES (83, 11, 'aut', 3, 'moore.arno@example.org');
INSERT INTO `users` (`id`, `city_id`, `name`, `shop_id`, `e_mail`) VALUES (84, 12, 'est', 4, 'kane67@example.org');
INSERT INTO `users` (`id`, `city_id`, `name`, `shop_id`, `e_mail`) VALUES (85, 1, 'at', 5, 'crooks.jeanne@example.net');
INSERT INTO `users` (`id`, `city_id`, `name`, `shop_id`, `e_mail`) VALUES (86, 2, 'cumque', 6, 'anna.medhurst@example.com');
INSERT INTO `users` (`id`, `city_id`, `name`, `shop_id`, `e_mail`) VALUES (87, 3, 'cupiditate', 7, 'cayla.bauch@example.net');
INSERT INTO `users` (`id`, `city_id`, `name`, `shop_id`, `e_mail`) VALUES (88, 4, 'id', 8, 'pwillms@example.org');
INSERT INTO `users` (`id`, `city_id`, `name`, `shop_id`, `e_mail`) VALUES (89, 5, 'aut', 9, 'kaycee11@example.net');
INSERT INTO `users` (`id`, `city_id`, `name`, `shop_id`, `e_mail`) VALUES (90, 6, 'quo', 10, 'omohr@example.net');
INSERT INTO `users` (`id`, `city_id`, `name`, `shop_id`, `e_mail`) VALUES (91, 7, 'iste', 11, 'hveum@example.net');
INSERT INTO `users` (`id`, `city_id`, `name`, `shop_id`, `e_mail`) VALUES (92, 8, 'minus', 12, 'elsie.harber@example.net');
INSERT INTO `users` (`id`, `city_id`, `name`, `shop_id`, `e_mail`) VALUES (93, 9, 'placeat', 13, 'dalton74@example.net');
INSERT INTO `users` (`id`, `city_id`, `name`, `shop_id`, `e_mail`) VALUES (94, 10, 'eius', 14, 'ezekiel.heaney@example.org');
INSERT INTO `users` (`id`, `city_id`, `name`, `shop_id`, `e_mail`) VALUES (95, 11, 'voluptas', 15, 'wryan@example.net');
INSERT INTO `users` (`id`, `city_id`, `name`, `shop_id`, `e_mail`) VALUES (96, 12, 'nemo', 16, 'rath.velma@example.org');
INSERT INTO `users` (`id`, `city_id`, `name`, `shop_id`, `e_mail`) VALUES (97, 1, 'amet', 17, 'heaney.douglas@example.com');
INSERT INTO `users` (`id`, `city_id`, `name`, `shop_id`, `e_mail`) VALUES (98, 2, 'autem', 18, 'csmitham@example.net');
INSERT INTO `users` (`id`, `city_id`, `name`, `shop_id`, `e_mail`) VALUES (99, 3, 'quas', 19, 'dayana.carter@example.org');
INSERT INTO `users` (`id`, `city_id`, `name`, `shop_id`, `e_mail`) VALUES (100, 4, 'harum', 20, 'nthiel@example.com');

-- Fill table products in shops.
INSERT INTO `products_in_shops` (`have_or_not`, `shop_id`, `product_id`) VALUES (0, 1, 6);
INSERT INTO `products_in_shops` (`have_or_not`, `shop_id`, `product_id`) VALUES (1, 1, 15);
INSERT INTO `products_in_shops` (`have_or_not`, `shop_id`, `product_id`) VALUES (1, 2, 9);
INSERT INTO `products_in_shops` (`have_or_not`, `shop_id`, `product_id`) VALUES (0, 2, 10);
INSERT INTO `products_in_shops` (`have_or_not`, `shop_id`, `product_id`) VALUES (0, 2, 12);
INSERT INTO `products_in_shops` (`have_or_not`, `shop_id`, `product_id`) VALUES (1, 2, 13);
INSERT INTO `products_in_shops` (`have_or_not`, `shop_id`, `product_id`) VALUES (0, 2, 14);
INSERT INTO `products_in_shops` (`have_or_not`, `shop_id`, `product_id`) VALUES (0, 3, 6);
INSERT INTO `products_in_shops` (`have_or_not`, `shop_id`, `product_id`) VALUES (0, 3, 8);
INSERT INTO `products_in_shops` (`have_or_not`, `shop_id`, `product_id`) VALUES (0, 3, 9);
INSERT INTO `products_in_shops` (`have_or_not`, `shop_id`, `product_id`) VALUES (1, 4, 1);
INSERT INTO `products_in_shops` (`have_or_not`, `shop_id`, `product_id`) VALUES (1, 4, 4);
INSERT INTO `products_in_shops` (`have_or_not`, `shop_id`, `product_id`) VALUES (0, 4, 8);
INSERT INTO `products_in_shops` (`have_or_not`, `shop_id`, `product_id`) VALUES (1, 4, 15);
INSERT INTO `products_in_shops` (`have_or_not`, `shop_id`, `product_id`) VALUES (1, 4, 18);
INSERT INTO `products_in_shops` (`have_or_not`, `shop_id`, `product_id`) VALUES (0, 4, 19);
INSERT INTO `products_in_shops` (`have_or_not`, `shop_id`, `product_id`) VALUES (1, 5, 5);
INSERT INTO `products_in_shops` (`have_or_not`, `shop_id`, `product_id`) VALUES (0, 5, 6);
INSERT INTO `products_in_shops` (`have_or_not`, `shop_id`, `product_id`) VALUES (0, 5, 13);
INSERT INTO `products_in_shops` (`have_or_not`, `shop_id`, `product_id`) VALUES (1, 5, 15);
INSERT INTO `products_in_shops` (`have_or_not`, `shop_id`, `product_id`) VALUES (1, 5, 20);
INSERT INTO `products_in_shops` (`have_or_not`, `shop_id`, `product_id`) VALUES (1, 6, 3);
INSERT INTO `products_in_shops` (`have_or_not`, `shop_id`, `product_id`) VALUES (1, 6, 6);
INSERT INTO `products_in_shops` (`have_or_not`, `shop_id`, `product_id`) VALUES (0, 6, 18);
INSERT INTO `products_in_shops` (`have_or_not`, `shop_id`, `product_id`) VALUES (0, 6, 19);
INSERT INTO `products_in_shops` (`have_or_not`, `shop_id`, `product_id`) VALUES (0, 7, 6);
INSERT INTO `products_in_shops` (`have_or_not`, `shop_id`, `product_id`) VALUES (0, 7, 9);
INSERT INTO `products_in_shops` (`have_or_not`, `shop_id`, `product_id`) VALUES (1, 7, 19);
INSERT INTO `products_in_shops` (`have_or_not`, `shop_id`, `product_id`) VALUES (1, 8, 2);
INSERT INTO `products_in_shops` (`have_or_not`, `shop_id`, `product_id`) VALUES (0, 8, 6);
INSERT INTO `products_in_shops` (`have_or_not`, `shop_id`, `product_id`) VALUES (0, 8, 12);
INSERT INTO `products_in_shops` (`have_or_not`, `shop_id`, `product_id`) VALUES (0, 8, 18);
INSERT INTO `products_in_shops` (`have_or_not`, `shop_id`, `product_id`) VALUES (1, 8, 20);
INSERT INTO `products_in_shops` (`have_or_not`, `shop_id`, `product_id`) VALUES (0, 9, 2);
INSERT INTO `products_in_shops` (`have_or_not`, `shop_id`, `product_id`) VALUES (1, 9, 3);
INSERT INTO `products_in_shops` (`have_or_not`, `shop_id`, `product_id`) VALUES (0, 9, 6);
INSERT INTO `products_in_shops` (`have_or_not`, `shop_id`, `product_id`) VALUES (0, 9, 20);
INSERT INTO `products_in_shops` (`have_or_not`, `shop_id`, `product_id`) VALUES (1, 10, 2);
INSERT INTO `products_in_shops` (`have_or_not`, `shop_id`, `product_id`) VALUES (0, 10, 6);
INSERT INTO `products_in_shops` (`have_or_not`, `shop_id`, `product_id`) VALUES (1, 10, 11);
INSERT INTO `products_in_shops` (`have_or_not`, `shop_id`, `product_id`) VALUES (0, 10, 14);
INSERT INTO `products_in_shops` (`have_or_not`, `shop_id`, `product_id`) VALUES (0, 11, 5);
INSERT INTO `products_in_shops` (`have_or_not`, `shop_id`, `product_id`) VALUES (0, 11, 7);
INSERT INTO `products_in_shops` (`have_or_not`, `shop_id`, `product_id`) VALUES (1, 11, 10);
INSERT INTO `products_in_shops` (`have_or_not`, `shop_id`, `product_id`) VALUES (0, 11, 12);
INSERT INTO `products_in_shops` (`have_or_not`, `shop_id`, `product_id`) VALUES (0, 11, 15);
INSERT INTO `products_in_shops` (`have_or_not`, `shop_id`, `product_id`) VALUES (0, 11, 17);
INSERT INTO `products_in_shops` (`have_or_not`, `shop_id`, `product_id`) VALUES (1, 12, 10);
INSERT INTO `products_in_shops` (`have_or_not`, `shop_id`, `product_id`) VALUES (0, 12, 15);
INSERT INTO `products_in_shops` (`have_or_not`, `shop_id`, `product_id`) VALUES (0, 12, 18);
INSERT INTO `products_in_shops` (`have_or_not`, `shop_id`, `product_id`) VALUES (1, 13, 3);
INSERT INTO `products_in_shops` (`have_or_not`, `shop_id`, `product_id`) VALUES (1, 13, 8);
INSERT INTO `products_in_shops` (`have_or_not`, `shop_id`, `product_id`) VALUES (0, 13, 10);
INSERT INTO `products_in_shops` (`have_or_not`, `shop_id`, `product_id`) VALUES (1, 14, 4);
INSERT INTO `products_in_shops` (`have_or_not`, `shop_id`, `product_id`) VALUES (1, 14, 8);
INSERT INTO `products_in_shops` (`have_or_not`, `shop_id`, `product_id`) VALUES (1, 14, 12);
INSERT INTO `products_in_shops` (`have_or_not`, `shop_id`, `product_id`) VALUES (0, 15, 1);
INSERT INTO `products_in_shops` (`have_or_not`, `shop_id`, `product_id`) VALUES (0, 15, 2);
INSERT INTO `products_in_shops` (`have_or_not`, `shop_id`, `product_id`) VALUES (1, 15, 4);
INSERT INTO `products_in_shops` (`have_or_not`, `shop_id`, `product_id`) VALUES (1, 15, 6);
INSERT INTO `products_in_shops` (`have_or_not`, `shop_id`, `product_id`) VALUES (0, 15, 7);
INSERT INTO `products_in_shops` (`have_or_not`, `shop_id`, `product_id`) VALUES (1, 15, 11);
INSERT INTO `products_in_shops` (`have_or_not`, `shop_id`, `product_id`) VALUES (0, 16, 7);
INSERT INTO `products_in_shops` (`have_or_not`, `shop_id`, `product_id`) VALUES (1, 16, 8);
INSERT INTO `products_in_shops` (`have_or_not`, `shop_id`, `product_id`) VALUES (1, 16, 9);
INSERT INTO `products_in_shops` (`have_or_not`, `shop_id`, `product_id`) VALUES (1, 16, 10);
INSERT INTO `products_in_shops` (`have_or_not`, `shop_id`, `product_id`) VALUES (0, 16, 15);
INSERT INTO `products_in_shops` (`have_or_not`, `shop_id`, `product_id`) VALUES (1, 17, 7);
INSERT INTO `products_in_shops` (`have_or_not`, `shop_id`, `product_id`) VALUES (0, 17, 14);
INSERT INTO `products_in_shops` (`have_or_not`, `shop_id`, `product_id`) VALUES (1, 17, 18);
INSERT INTO `products_in_shops` (`have_or_not`, `shop_id`, `product_id`) VALUES (1, 17, 20);
INSERT INTO `products_in_shops` (`have_or_not`, `shop_id`, `product_id`) VALUES (1, 18, 9);
INSERT INTO `products_in_shops` (`have_or_not`, `shop_id`, `product_id`) VALUES (0, 18, 13);
INSERT INTO `products_in_shops` (`have_or_not`, `shop_id`, `product_id`) VALUES (1, 18, 18);
INSERT INTO `products_in_shops` (`have_or_not`, `shop_id`, `product_id`) VALUES (1, 18, 20);
INSERT INTO `products_in_shops` (`have_or_not`, `shop_id`, `product_id`) VALUES (0, 19, 2);
INSERT INTO `products_in_shops` (`have_or_not`, `shop_id`, `product_id`) VALUES (0, 19, 4);
INSERT INTO `products_in_shops` (`have_or_not`, `shop_id`, `product_id`) VALUES (0, 19, 10);
INSERT INTO `products_in_shops` (`have_or_not`, `shop_id`, `product_id`) VALUES (1, 19, 12);
INSERT INTO `products_in_shops` (`have_or_not`, `shop_id`, `product_id`) VALUES (0, 19, 17);
INSERT INTO `products_in_shops` (`have_or_not`, `shop_id`, `product_id`) VALUES (0, 20, 1);
INSERT INTO `products_in_shops` (`have_or_not`, `shop_id`, `product_id`) VALUES (0, 20, 16);
INSERT INTO `products_in_shops` (`have_or_not`, `shop_id`, `product_id`) VALUES (0, 20, 18);
INSERT INTO `products_in_shops` (`have_or_not`, `shop_id`, `product_id`) VALUES (1, 20, 20);

-- Fill table ip_adresses.
INSERT INTO `ip_adresses` (`id`, `ip`, `user_id`, `city_id`, `visited_at`, `leave_at`) VALUES (1, '199.244.136.131', 17, 1, '1987-11-05 02:05:11', '2013-09-05 16:12:10');
INSERT INTO `ip_adresses` (`id`, `ip`, `user_id`, `city_id`, `visited_at`, `leave_at`) VALUES (2, '248.68.174.46', 66, 2, '1996-08-29 11:41:23', '1997-10-21 18:21:50');
INSERT INTO `ip_adresses` (`id`, `ip`, `user_id`, `city_id`, `visited_at`, `leave_at`) VALUES (3, '3.40.247.51', 38, 3, '1974-04-19 14:30:59', '2014-09-14 03:45:02');
INSERT INTO `ip_adresses` (`id`, `ip`, `user_id`, `city_id`, `visited_at`, `leave_at`) VALUES (4, '240.221.222.69', 49, 4, '1980-02-15 22:56:37', '2005-11-29 03:59:19');
INSERT INTO `ip_adresses` (`id`, `ip`, `user_id`, `city_id`, `visited_at`, `leave_at`) VALUES (5, '210.73.25.214', 62, 5, '2007-10-07 12:36:10', '2009-11-13 21:57:19');
INSERT INTO `ip_adresses` (`id`, `ip`, `user_id`, `city_id`, `visited_at`, `leave_at`) VALUES (6, '245.2.60.77', 10, 6, '1978-02-22 02:36:37', '1999-11-24 23:14:39');
INSERT INTO `ip_adresses` (`id`, `ip`, `user_id`, `city_id`, `visited_at`, `leave_at`) VALUES (7, '20.244.77.178', 17, 7, '2010-11-04 22:36:02', '2000-02-15 02:28:13');
INSERT INTO `ip_adresses` (`id`, `ip`, `user_id`, `city_id`, `visited_at`, `leave_at`) VALUES (8, '169.131.195.199', 59, 7, '1993-12-24 21:41:26', '2006-12-07 01:22:36');
INSERT INTO `ip_adresses` (`id`, `ip`, `user_id`, `city_id`, `visited_at`, `leave_at`) VALUES (9, '233.191.95.130', 23, 7, '2017-06-13 11:23:51', '2001-03-05 11:10:12');
INSERT INTO `ip_adresses` (`id`, `ip`, `user_id`, `city_id`, `visited_at`, `leave_at`) VALUES (10, '239.177.176.113', 49, 10, '2000-09-28 21:44:36', '1994-07-02 09:21:40');
INSERT INTO `ip_adresses` (`id`, `ip`, `user_id`, `city_id`, `visited_at`, `leave_at`) VALUES (11, '37.138.142.155', 61, 11, '1975-07-06 05:55:30', '1978-01-18 01:28:33');
INSERT INTO `ip_adresses` (`id`, `ip`, `user_id`, `city_id`, `visited_at`, `leave_at`) VALUES (12, '222.35.0.213', 25, 12, '2001-11-15 19:35:06', '1981-04-26 01:44:09');
INSERT INTO `ip_adresses` (`id`, `ip`, `user_id`, `city_id`, `visited_at`, `leave_at`) VALUES (13, '9.99.191.251', 97, 1, '2000-10-18 03:11:42', '1981-05-15 12:47:04');
INSERT INTO `ip_adresses` (`id`, `ip`, `user_id`, `city_id`, `visited_at`, `leave_at`) VALUES (14, '135.13.35.230', 62, 2, '1984-11-24 00:21:33', '2008-11-08 20:40:06');
INSERT INTO `ip_adresses` (`id`, `ip`, `user_id`, `city_id`, `visited_at`, `leave_at`) VALUES (15, '13.245.247.63', 19, 3, '1979-04-18 00:12:08', '2004-08-06 04:05:15');
INSERT INTO `ip_adresses` (`id`, `ip`, `user_id`, `city_id`, `visited_at`, `leave_at`) VALUES (16, '93.244.42.197', 42, 4, '1975-06-07 18:18:56', '1977-12-18 06:22:35');
INSERT INTO `ip_adresses` (`id`, `ip`, `user_id`, `city_id`, `visited_at`, `leave_at`) VALUES (17, '111.201.72.188', 32, 5, '2016-09-09 13:06:42', '1979-06-11 16:08:06');
INSERT INTO `ip_adresses` (`id`, `ip`, `user_id`, `city_id`, `visited_at`, `leave_at`) VALUES (18, '246.82.62.184', 88, 6, '1972-09-13 06:48:58', '2011-01-03 02:53:47');
INSERT INTO `ip_adresses` (`id`, `ip`, `user_id`, `city_id`, `visited_at`, `leave_at`) VALUES (19, '137.116.123.227', 87, 7, '1992-12-02 21:39:08', '2000-12-13 00:30:23');
INSERT INTO `ip_adresses` (`id`, `ip`, `user_id`, `city_id`, `visited_at`, `leave_at`) VALUES (20, '119.11.44.169', 65, 8, '2016-11-23 07:02:09', '1984-06-22 13:02:02');
INSERT INTO `ip_adresses` (`id`, `ip`, `user_id`, `city_id`, `visited_at`, `leave_at`) VALUES (21, '115.195.134.103', 61, 9, '1982-01-14 15:46:14', '1992-03-05 08:41:33');
INSERT INTO `ip_adresses` (`id`, `ip`, `user_id`, `city_id`, `visited_at`, `leave_at`) VALUES (22, '153.120.100.253', 100, 10, '1978-05-12 14:26:51', '1998-03-05 05:08:58');
INSERT INTO `ip_adresses` (`id`, `ip`, `user_id`, `city_id`, `visited_at`, `leave_at`) VALUES (23, '167.82.226.39', 7, 11, '1989-11-05 22:10:55', '2007-04-27 19:15:47');
INSERT INTO `ip_adresses` (`id`, `ip`, `user_id`, `city_id`, `visited_at`, `leave_at`) VALUES (24, '209.126.133.196', 69, 12, '2011-06-05 23:28:12', '2004-02-20 19:14:15');
INSERT INTO `ip_adresses` (`id`, `ip`, `user_id`, `city_id`, `visited_at`, `leave_at`) VALUES (25, '196.175.155.110', 99, 1, '2013-05-05 11:48:11', '1979-01-13 19:21:30');
INSERT INTO `ip_adresses` (`id`, `ip`, `user_id`, `city_id`, `visited_at`, `leave_at`) VALUES (26, '77.116.91.180', 58, 2, '2013-06-03 12:32:02', '2004-12-20 21:07:43');
INSERT INTO `ip_adresses` (`id`, `ip`, `user_id`, `city_id`, `visited_at`, `leave_at`) VALUES (27, '21.60.171.72', 73, 3, '1973-11-24 14:24:36', '1999-03-27 08:07:44');
INSERT INTO `ip_adresses` (`id`, `ip`, `user_id`, `city_id`, `visited_at`, `leave_at`) VALUES (28, '52.95.231.158', 68, 4, '2017-06-12 16:52:11', '2012-12-05 21:07:48');
INSERT INTO `ip_adresses` (`id`, `ip`, `user_id`, `city_id`, `visited_at`, `leave_at`) VALUES (29, '55.207.208.189', 14, 5, '1996-04-21 01:02:33', '1999-08-27 17:20:22');
INSERT INTO `ip_adresses` (`id`, `ip`, `user_id`, `city_id`, `visited_at`, `leave_at`) VALUES (30, '234.32.207.6', 86, 6, '2010-09-23 03:06:16', '1974-09-11 19:47:57');
INSERT INTO `ip_adresses` (`id`, `ip`, `user_id`, `city_id`, `visited_at`, `leave_at`) VALUES (31, '43.67.33.216', 2, 7, '2008-12-29 17:10:25', '2008-04-27 16:27:00');
INSERT INTO `ip_adresses` (`id`, `ip`, `user_id`, `city_id`, `visited_at`, `leave_at`) VALUES (32, '220.163.85.9', 31, 8, '1982-12-17 22:32:11', '2016-07-16 17:22:44');
INSERT INTO `ip_adresses` (`id`, `ip`, `user_id`, `city_id`, `visited_at`, `leave_at`) VALUES (33, '105.208.21.246', 51, 9, '1999-02-25 08:41:06', '1998-04-03 20:32:18');
INSERT INTO `ip_adresses` (`id`, `ip`, `user_id`, `city_id`, `visited_at`, `leave_at`) VALUES (34, '82.31.59.171', 40, 10, '1994-01-26 12:32:05', '2000-02-15 15:28:09');
INSERT INTO `ip_adresses` (`id`, `ip`, `user_id`, `city_id`, `visited_at`, `leave_at`) VALUES (35, '22.79.199.82', 79, 11, '1989-08-10 20:17:37', '2008-01-17 00:43:05');
INSERT INTO `ip_adresses` (`id`, `ip`, `user_id`, `city_id`, `visited_at`, `leave_at`) VALUES (36, '48.36.156.177', 13, 12, '2009-08-14 08:39:49', '1978-10-08 06:57:22');
INSERT INTO `ip_adresses` (`id`, `ip`, `user_id`, `city_id`, `visited_at`, `leave_at`) VALUES (37, '92.229.72.15', 49, 1, '2003-03-19 19:34:42', '2007-08-09 21:22:38');
INSERT INTO `ip_adresses` (`id`, `ip`, `user_id`, `city_id`, `visited_at`, `leave_at`) VALUES (38, '203.60.89.73', 95, 2, '1984-03-11 18:08:08', '1982-06-02 22:17:40');
INSERT INTO `ip_adresses` (`id`, `ip`, `user_id`, `city_id`, `visited_at`, `leave_at`) VALUES (39, '94.58.213.82', 72, 3, '2005-09-15 06:30:26', '1991-11-03 20:41:49');
INSERT INTO `ip_adresses` (`id`, `ip`, `user_id`, `city_id`, `visited_at`, `leave_at`) VALUES (40, '255.29.233.170', 72, 4, '2011-11-21 11:25:12', '2004-08-10 03:51:49');
INSERT INTO `ip_adresses` (`id`, `ip`, `user_id`, `city_id`, `visited_at`, `leave_at`) VALUES (41, '50.10.86.83', 43, 5, '1978-07-24 01:40:52', '1984-05-19 03:13:16');
INSERT INTO `ip_adresses` (`id`, `ip`, `user_id`, `city_id`, `visited_at`, `leave_at`) VALUES (42, '62.171.162.220', 33, 6, '1994-10-07 07:05:54', '1979-04-14 08:20:50');
INSERT INTO `ip_adresses` (`id`, `ip`, `user_id`, `city_id`, `visited_at`, `leave_at`) VALUES (43, '14.229.93.124', 96, 7, '2015-10-20 05:26:52', '1991-01-25 04:01:01');
INSERT INTO `ip_adresses` (`id`, `ip`, `user_id`, `city_id`, `visited_at`, `leave_at`) VALUES (44, '103.56.81.233', 40, 8, '2001-12-26 13:46:44', '2015-10-19 22:25:55');
INSERT INTO `ip_adresses` (`id`, `ip`, `user_id`, `city_id`, `visited_at`, `leave_at`) VALUES (45, '74.29.151.22', 94, 9, '1972-09-02 14:50:17', '1977-09-25 05:34:02');
INSERT INTO `ip_adresses` (`id`, `ip`, `user_id`, `city_id`, `visited_at`, `leave_at`) VALUES (46, '125.253.98.205', 14, 10, '1979-01-08 18:46:00', '2012-06-07 19:56:51');
INSERT INTO `ip_adresses` (`id`, `ip`, `user_id`, `city_id`, `visited_at`, `leave_at`) VALUES (47, '59.118.54.162', 81, 11, '1994-09-28 10:28:02', '1997-03-04 15:21:04');
INSERT INTO `ip_adresses` (`id`, `ip`, `user_id`, `city_id`, `visited_at`, `leave_at`) VALUES (48, '203.19.232.206', 25, 12, '2018-05-11 16:13:08', '1998-03-31 05:35:37');
INSERT INTO `ip_adresses` (`id`, `ip`, `user_id`, `city_id`, `visited_at`, `leave_at`) VALUES (49, '189.251.11.163', 1, 1, '2013-12-27 09:35:43', '1989-09-07 20:55:50');
INSERT INTO `ip_adresses` (`id`, `ip`, `user_id`, `city_id`, `visited_at`, `leave_at`) VALUES (50, '40.68.32.29', 67, 2, '2008-07-09 06:45:50', '2016-05-11 06:30:22');
INSERT INTO `ip_adresses` (`id`, `ip`, `user_id`, `city_id`, `visited_at`, `leave_at`) VALUES (51, '28.108.187.134', 90, 3, '2015-11-30 20:24:50', '2014-08-25 18:55:24');
INSERT INTO `ip_adresses` (`id`, `ip`, `user_id`, `city_id`, `visited_at`, `leave_at`) VALUES (52, '42.92.49.240', 62, 4, '2010-03-03 16:27:18', '2002-11-11 04:44:16');
INSERT INTO `ip_adresses` (`id`, `ip`, `user_id`, `city_id`, `visited_at`, `leave_at`) VALUES (53, '3.236.233.23', 66, 5, '2010-11-09 08:45:29', '2006-10-21 17:49:46');
INSERT INTO `ip_adresses` (`id`, `ip`, `user_id`, `city_id`, `visited_at`, `leave_at`) VALUES (54, '39.160.58.208', 96, 6, '1971-12-16 17:28:32', '1973-01-16 12:53:08');
INSERT INTO `ip_adresses` (`id`, `ip`, `user_id`, `city_id`, `visited_at`, `leave_at`) VALUES (55, '141.162.199.152', 30, 7, '1970-09-05 15:55:02', '2009-01-02 07:22:11');
INSERT INTO `ip_adresses` (`id`, `ip`, `user_id`, `city_id`, `visited_at`, `leave_at`) VALUES (56, '53.147.172.96', 65, 8, '1999-01-27 23:11:23', '2017-06-07 09:51:45');
INSERT INTO `ip_adresses` (`id`, `ip`, `user_id`, `city_id`, `visited_at`, `leave_at`) VALUES (57, '40.27.72.132', 54, 9, '2010-01-12 17:25:51', '1998-08-27 11:57:34');
INSERT INTO `ip_adresses` (`id`, `ip`, `user_id`, `city_id`, `visited_at`, `leave_at`) VALUES (58, '113.16.37.80', 3, 10, '1983-03-15 17:55:34', '2016-09-15 04:36:39');
INSERT INTO `ip_adresses` (`id`, `ip`, `user_id`, `city_id`, `visited_at`, `leave_at`) VALUES (59, '165.206.6.21', 33, 11, '1997-11-04 02:06:02', '1986-05-15 09:37:51');
INSERT INTO `ip_adresses` (`id`, `ip`, `user_id`, `city_id`, `visited_at`, `leave_at`) VALUES (60, '193.178.227.241', 68, 12, '1978-02-21 23:19:40', '1993-11-22 06:33:11');
INSERT INTO `ip_adresses` (`id`, `ip`, `user_id`, `city_id`, `visited_at`, `leave_at`) VALUES (61, '222.208.30.88', 89, 1, '2008-10-11 03:36:24', '1995-05-01 08:37:32');
INSERT INTO `ip_adresses` (`id`, `ip`, `user_id`, `city_id`, `visited_at`, `leave_at`) VALUES (62, '89.70.160.54', 34, 2, '1986-06-21 10:31:35', '1980-02-26 20:54:16');
INSERT INTO `ip_adresses` (`id`, `ip`, `user_id`, `city_id`, `visited_at`, `leave_at`) VALUES (63, '98.224.83.128', 98, 3, '1987-06-30 18:40:10', '1996-04-17 02:22:33');
INSERT INTO `ip_adresses` (`id`, `ip`, `user_id`, `city_id`, `visited_at`, `leave_at`) VALUES (64, '176.158.74.45', 40, 4, '1988-11-16 13:54:49', '1986-02-10 08:17:44');
INSERT INTO `ip_adresses` (`id`, `ip`, `user_id`, `city_id`, `visited_at`, `leave_at`) VALUES (65, '241.226.76.228', 74, 5, '1986-01-16 11:48:36', '1999-05-29 17:20:04');
INSERT INTO `ip_adresses` (`id`, `ip`, `user_id`, `city_id`, `visited_at`, `leave_at`) VALUES (66, '151.127.163.185', 76, 6, '2017-01-20 15:53:50', '1997-05-07 09:18:29');
INSERT INTO `ip_adresses` (`id`, `ip`, `user_id`, `city_id`, `visited_at`, `leave_at`) VALUES (67, '14.228.234.138', 53, 7, '1978-09-14 11:48:51', '1977-10-24 12:44:13');
INSERT INTO `ip_adresses` (`id`, `ip`, `user_id`, `city_id`, `visited_at`, `leave_at`) VALUES (68, '140.102.241.174', 23, 8, '1971-06-29 05:39:22', '2001-09-20 16:46:51');
INSERT INTO `ip_adresses` (`id`, `ip`, `user_id`, `city_id`, `visited_at`, `leave_at`) VALUES (69, '209.7.85.215', 70, 9, '1975-02-19 03:37:52', '1992-01-06 07:49:00');
INSERT INTO `ip_adresses` (`id`, `ip`, `user_id`, `city_id`, `visited_at`, `leave_at`) VALUES (70, '16.141.108.171', 24, 10, '1986-06-07 08:07:23', '2003-05-22 14:15:37');
INSERT INTO `ip_adresses` (`id`, `ip`, `user_id`, `city_id`, `visited_at`, `leave_at`) VALUES (71, '1.30.44.105', 94, 11, '1984-03-29 04:36:39', '1996-07-13 10:37:06');
INSERT INTO `ip_adresses` (`id`, `ip`, `user_id`, `city_id`, `visited_at`, `leave_at`) VALUES (72, '142.122.220.250', 13, 12, '1987-12-19 06:17:10', '1993-02-24 06:22:11');
INSERT INTO `ip_adresses` (`id`, `ip`, `user_id`, `city_id`, `visited_at`, `leave_at`) VALUES (73, '18.133.176.245', 56, 1, '1977-11-19 07:57:07', '2014-05-29 14:07:23');
INSERT INTO `ip_adresses` (`id`, `ip`, `user_id`, `city_id`, `visited_at`, `leave_at`) VALUES (74, '115.115.89.63', 89, 2, '2005-12-23 01:56:43', '2009-03-13 03:49:39');
INSERT INTO `ip_adresses` (`id`, `ip`, `user_id`, `city_id`, `visited_at`, `leave_at`) VALUES (75, '133.46.239.209', 52, 3, '1993-09-15 13:09:13', '1973-05-10 05:12:44');
INSERT INTO `ip_adresses` (`id`, `ip`, `user_id`, `city_id`, `visited_at`, `leave_at`) VALUES (76, '225.131.150.120', 50, 4, '1981-01-27 12:40:19', '1996-05-02 14:45:06');
INSERT INTO `ip_adresses` (`id`, `ip`, `user_id`, `city_id`, `visited_at`, `leave_at`) VALUES (77, '28.169.41.229', 3, 5, '1997-09-19 02:37:49', '2003-04-07 11:34:59');
INSERT INTO `ip_adresses` (`id`, `ip`, `user_id`, `city_id`, `visited_at`, `leave_at`) VALUES (78, '190.235.26.40', 32, 6, '1983-11-06 16:53:51', '2017-05-17 19:01:27');
INSERT INTO `ip_adresses` (`id`, `ip`, `user_id`, `city_id`, `visited_at`, `leave_at`) VALUES (79, '202.141.91.173', 75, 7, '1994-10-06 09:49:30', '1989-07-15 08:05:46');
INSERT INTO `ip_adresses` (`id`, `ip`, `user_id`, `city_id`, `visited_at`, `leave_at`) VALUES (80, '75.207.125.62', 4, 8, '1978-06-09 16:24:53', '1994-03-02 11:01:03');
INSERT INTO `ip_adresses` (`id`, `ip`, `user_id`, `city_id`, `visited_at`, `leave_at`) VALUES (81, '108.28.184.34', 99, 9, '1976-03-29 15:17:17', '1993-04-30 08:24:31');
INSERT INTO `ip_adresses` (`id`, `ip`, `user_id`, `city_id`, `visited_at`, `leave_at`) VALUES (82, '202.14.58.117', 64, 10, '1995-01-25 04:42:55', '2017-10-30 20:25:29');
INSERT INTO `ip_adresses` (`id`, `ip`, `user_id`, `city_id`, `visited_at`, `leave_at`) VALUES (83, '164.128.195.72', 65, 11, '2002-10-13 11:27:52', '2010-04-11 21:14:13');
INSERT INTO `ip_adresses` (`id`, `ip`, `user_id`, `city_id`, `visited_at`, `leave_at`) VALUES (84, '156.38.188.188', 64, 12, '1976-03-27 07:17:38', '1974-02-08 03:50:44');
INSERT INTO `ip_adresses` (`id`, `ip`, `user_id`, `city_id`, `visited_at`, `leave_at`) VALUES (85, '193.185.171.226', 60, 1, '2017-03-16 05:20:03', '2017-01-06 13:59:59');
INSERT INTO `ip_adresses` (`id`, `ip`, `user_id`, `city_id`, `visited_at`, `leave_at`) VALUES (86, '89.193.32.95', 95, 2, '2019-03-05 01:01:54', '1998-12-04 20:43:28');
INSERT INTO `ip_adresses` (`id`, `ip`, `user_id`, `city_id`, `visited_at`, `leave_at`) VALUES (87, '140.105.36.237', 29, 3, '1978-03-18 11:25:29', '2003-12-22 12:55:22');
INSERT INTO `ip_adresses` (`id`, `ip`, `user_id`, `city_id`, `visited_at`, `leave_at`) VALUES (88, '238.33.246.154', 13, 4, '1981-10-17 15:41:23', '1999-11-07 15:18:21');
INSERT INTO `ip_adresses` (`id`, `ip`, `user_id`, `city_id`, `visited_at`, `leave_at`) VALUES (89, '103.27.237.202', 98, 5, '2017-03-26 14:14:12', '2005-04-22 06:25:44');
INSERT INTO `ip_adresses` (`id`, `ip`, `user_id`, `city_id`, `visited_at`, `leave_at`) VALUES (90, '55.189.42.243', 61, 6, '2019-10-15 20:25:42', '1993-09-22 16:12:30');
INSERT INTO `ip_adresses` (`id`, `ip`, `user_id`, `city_id`, `visited_at`, `leave_at`) VALUES (91, '132.121.208.220', 80, 7, '1988-04-24 23:22:16', '2016-08-09 12:28:55');
INSERT INTO `ip_adresses` (`id`, `ip`, `user_id`, `city_id`, `visited_at`, `leave_at`) VALUES (92, '64.20.238.252', 86, 8, '2006-06-27 18:47:13', '1980-01-11 21:42:29');
INSERT INTO `ip_adresses` (`id`, `ip`, `user_id`, `city_id`, `visited_at`, `leave_at`) VALUES (93, '41.157.28.109', 95, 9, '1979-05-08 10:56:56', '1994-03-02 18:54:06');
INSERT INTO `ip_adresses` (`id`, `ip`, `user_id`, `city_id`, `visited_at`, `leave_at`) VALUES (94, '199.144.68.169', 77, 10, '2005-11-20 23:46:48', '1974-08-19 18:45:28');
INSERT INTO `ip_adresses` (`id`, `ip`, `user_id`, `city_id`, `visited_at`, `leave_at`) VALUES (95, '207.39.77.203', 26, 11, '1998-03-17 23:19:03', '1994-01-12 09:35:22');
INSERT INTO `ip_adresses` (`id`, `ip`, `user_id`, `city_id`, `visited_at`, `leave_at`) VALUES (96, '94.157.247.25', 68, 12, '2001-09-15 17:05:54', '1986-05-22 05:09:07');
INSERT INTO `ip_adresses` (`id`, `ip`, `user_id`, `city_id`, `visited_at`, `leave_at`) VALUES (97, '9.175.118.219', 53, 1, '2011-12-22 15:32:42', '2002-10-24 07:55:08');
INSERT INTO `ip_adresses` (`id`, `ip`, `user_id`, `city_id`, `visited_at`, `leave_at`) VALUES (98, '101.181.133.145', 78, 2, '1988-06-08 18:23:58', '1976-12-30 20:26:20');
INSERT INTO `ip_adresses` (`id`, `ip`, `user_id`, `city_id`, `visited_at`, `leave_at`) VALUES (99, '152.58.67.242', 90, 3, '1992-11-28 06:04:06', '1971-07-30 03:54:24');
INSERT INTO `ip_adresses` (`id`, `ip`, `user_id`, `city_id`, `visited_at`, `leave_at`) VALUES (100, '209.61.60.26', 22, 4, '1989-06-05 01:37:29', '1980-03-16 15:25:33');

-- Fill table photos.
INSERT INTO `photos` (`id`, `name`) VALUES (1, 'ut');
INSERT INTO `photos` (`id`, `name`) VALUES (2, 'voluptatem');
INSERT INTO `photos` (`id`, `name`) VALUES (3, 'fugiat');
INSERT INTO `photos` (`id`, `name`) VALUES (4, 'laborum');
INSERT INTO `photos` (`id`, `name`) VALUES (5, 'sint');
INSERT INTO `photos` (`id`, `name`) VALUES (6, 'quas');
INSERT INTO `photos` (`id`, `name`) VALUES (7, 'eligendi');
INSERT INTO `photos` (`id`, `name`) VALUES (8, 'earum');
INSERT INTO `photos` (`id`, `name`) VALUES (9, 'qui');
INSERT INTO `photos` (`id`, `name`) VALUES (10, 'ullam');
INSERT INTO `photos` (`id`, `name`) VALUES (11, 'qui');
INSERT INTO `photos` (`id`, `name`) VALUES (12, 'pariatur');
INSERT INTO `photos` (`id`, `name`) VALUES (13, 'qui');
INSERT INTO `photos` (`id`, `name`) VALUES (14, 'neque');
INSERT INTO `photos` (`id`, `name`) VALUES (15, 'aut');
INSERT INTO `photos` (`id`, `name`) VALUES (16, 'et');
INSERT INTO `photos` (`id`, `name`) VALUES (17, 'et');
INSERT INTO `photos` (`id`, `name`) VALUES (18, 'ipsam');
INSERT INTO `photos` (`id`, `name`) VALUES (19, 'earum');
INSERT INTO `photos` (`id`, `name`) VALUES (20, 'autem');

